name,clean_pages,total_pages,noise_pct,findings_exact,findings_text
JPMorgan Chase,97312,97723,0.4,0,44
JEE corp.,78546,78604,0.1,0,0
Deutsche Bank,59339,60529,2.0,38,329
GMAIL COM,55012,55106,0.2,0,62
J.P. Morgan (S.E.A.) Limited,31618,31687,0.2,0,0
"Apple, Inc.",30497,30637,0.5,0,0
American Express,26061,26243,0.7,0,9
HBRK Associates,22212,22374,0.7,5,74
Financial Trust Company,16052,16144,0.6,20,60
T-Mobile,15420,15459,0.3,0,0
AT&T of the V.I.,12852,12882,0.2,0,0
"SOUTHERN FINANCIAL GROUP, INC.",11368,11555,1.6,13,0
N Chase & Co.,10808,10835,0.2,0,1
J. P. MORGAN SECURITIES INC.,8863,8903,0.4,0,1
"THE SOUTHERN DISTRICT REPORTERS, P.C.",8344,8357,0.2,0,0
Corporation (SIPC),7589,7647,0.8,0,0
FBI,6826,7226,5.5,0,0
FINRA,6582,6655,1.1,0,0
FedEx,6406,6421,0.2,0,0
Southern Trust Company,6046,6075,0.5,18,85
NYSE,5463,5505,0.8,0,0
"JEGE, Inc., Incorporated",5246,5254,0.2,3,0
"NES, LLC.",5166,5174,0.2,3,0
SOUTHERN DISTRICT OF NEW YORK,3923,4018,2.4,0,2
Verizon,3605,3617,0.3,0,0
Centurion® Travel Service,3545,3548,0.1,0,0
U.S. DOJ,3545,3644,2.7,0,0
Apollo Global Management L.L.C.,3508,3555,1.3,19,0
FDIC,3349,3373,0.7,0,0
Hyperion Air,3143,3146,0.1,1,21
The United States District Court,3106,3159,1.7,0,0
J.P. Morgan Team,2859,2859,0.0,0,0
Mitchell Mitchell Holdings LLC,2718,2720,0.1,0,1
LSJ Company,2696,2696,0.0,1,0
UBS,2569,2646,2.9,0,0
Neptune LLC Corp,2539,2549,0.4,3,0
"LSJE, LLC's",2464,2467,0.1,1,3
BlackBerry Ltd.,2373,2381,0.3,0,0
U.S. IRS,2363,2391,1.2,0,0
Department of Justice (D.O.J.),2329,2574,9.5,7,0
ZORRO DEVELOPMENT CORPORATION,2260,2261,0.0,2,0
DARREN K. INDYKE PLLC -,2255,2267,0.5,95,19
Gratitude America,2191,2196,0.2,43,132
Centurion Relationship Manager,2180,2185,0.2,0,0
GOVERNMENT OF THE,2179,2218,1.8,0,3
"Google, Inc.",2171,2445,11.2,0,1
Bank of America,2111,2151,1.9,1,25
FED. R. CRIM. P. 6(e),2097,2115,0.9,0,1
JPMCB,2082,2084,0.1,0,0
"APOLLO MANAGEMENT CO., LLC.",1982,1983,0.1,19,0
Trust & Haze Trust,1965,1968,0.2,5,6
ARIZONA STATE UNIVERSITY,1917,1961,2.2,0,1
"Glendower Capital (U.S.), LLC",1843,2004,8.0,0,0
"Glendower Capital Secondary Opportunities Fund IV (U.S.), L.P.",1843,1850,0.4,0,0
Wells Fargo,1811,1895,4.4,0,22
(USANYS),1796,1821,1.4,0,0
U.S. Private Bank,1758,1799,2.3,0,0
U.S. AIR FRANCE,1736,1742,0.3,0,0
"PLAN D, INC.",1709,1713,0.2,4,0
Citigroup,1702,1747,2.6,0,0
"ZORRO MANAGEMENT, LLC",1698,1701,0.2,1,11
"Reich & Tang Distributors, Inc.",1694,1694,0.0,0,0
S.D.N.Y. Court,1681,1723,2.4,0,0
"New York Strategy Group, L.L.C",1667,1671,0.2,1,0
DB Group,1664,1674,0.6,0,0
Reich & Tang Asset Management L.P.,1638,1638,0.0,0,0
Bloomberg,1631,1781,8.4,0,0
FlightAware Alerts,1581,1581,0.0,0,1
The Centurion Card,1546,1552,0.4,0,0
gmail.c=m,1517,1548,2.0,0,0
JPMCC's,1484,1487,0.2,0,0
KWF 2007 LLC,1461,1461,0.0,0,9
SSW 2007 LLC,1449,1449,0.0,0,9
American Airlines Group Inc.,1421,1448,1.9,0,0
The SEC Group,1400,1486,5.8,0,0
PERSHING & COMPANY,1368,1368,0.0,0,0
Federal Express Corporation,1363,1363,0.0,0,0
The American Century Funds,1339,1340,0.1,0,0
JPMSI's,1334,1338,0.3,0,0
Harvard M.B.A.,1311,1372,4.4,0,0
The United States,1309,1385,5.5,1,6
ALPHA GROUP CAPITAL LLC.,1307,1311,0.3,0,2
BMG,1301,1302,0.1,0,0
"Glendower Access Secondary Opportunities IV (U.S.) , L.P.",1295,1295,0.0,0,0
J.P. Morgan Clearing Corporation,1281,1282,0.1,0,0
"Island Capital Group, LLC",1279,1279,0.0,1,1
BOP's,1261,1284,1.8,0,0
WANEK TRUST OF 2000,1257,1257,0.0,0,6
DB Securities Inc.,1247,1250,0.2,0,1
U.S. Federal Bureau of Investigation,1242,1371,9.4,2,0
Delta Group Limited,1241,1247,0.5,0,0
"HADDON, MORGAN, AND FOREMAN, P.C.",1230,1264,2.7,0,0
FlightAware,1191,1198,0.6,0,0
"BOIES, SCHILLER & FLEXNER, L.L.P.",1174,1202,2.3,3,0
THE NEW YORK TIMES COMPANY,1171,1461,19.8,0,0
The United States Attorney,1157,1173,1.4,0,0
JPM INC,1156,1161,0.4,0,0
"J. Epstein & Company, Incorporated",1155,1206,4.2,229,0
DBSI,1154,1154,0.0,0,0
METROPOLITAN CORRECTIONAL CENTER,1153,1192,3.3,0,0
SDNY's,1142,1183,3.5,0,0
The Green Restaurant Association,1133,1133,0.0,0,0
"Delta Air Lines, Inc.",1124,1141,1.5,0,0
AOL.COM,1121,1132,1.0,0,0
CREDIT SUISSE GROUP AG,1117,1133,1.4,0,0
JPMS LLC,1114,1125,1.0,0,0
HSBC,1113,1128,1.3,0,0
"Elysium Management, =LLC",1106,1107,0.1,1,7
"BUTTERFLY TRUST, COMPANY, INC.",1100,1100,0.0,3,0
Merrill Lynch,1099,1163,5.5,0,13
"Prytanee, LLC.",1099,1099,0.0,3,10
"MCC New York, New York",1088,1097,0.8,0,0
Aeroflot.,1087,1088,0.1,0,0
"FTC, Inc.",1084,1109,2.3,1,0
FEDERAL DEPOSIT INSURANCE CORPORATION,1070,1102,2.9,0,0
MIT Corporation,1034,1077,4.0,0,0
NASD,1023,1035,1.2,0,0
USAO,1023,1061,3.6,0,0
"Paul, Weiss, Rifkind, Wharton=n & Garrison LLP",983,992,0.9,64,0
Centurion Company,975,980,0.5,0,0
FEDERAL BUREAU OF PRISONS,967,1006,3.9,0,0
U.S. INTERNAL REVENUE SERVICE,966,998,3.2,0,0
PALM BEACH POLICE DEPARTMENT,965,1007,4.2,0,1
Securities Investor Protection Corporation,963,964,0.1,0,0
"TOURmaline Partners, LLC",959,974,1.5,0,0
SOUTHERN DISTRICT OF FLORIDA,953,974,2.2,0,3
Travel Consumer Restitution Corporation,919,919,0.0,0,0
"Next Management, LLC",918,919,0.1,0,0
Yahoo! Mail,913,915,0.2,0,0
U.S. SECURITIES AND EXCHANGE COMMISSION,911,1025,11.1,0,0
"U.S. District Court, S.D.N.Y.",906,977,7.3,0,0
GMAX,906,907,0.1,0,0
yahoo-inc.com,904,945,4.3,0,0
Goldman Sachs,902,968,6.8,0,59
S.D.N.Y. United States Attorney's office,890,928,4.1,0,0
ACCESS FUND,887,887,0.0,0,3
"ICAPITAL ADVISORS, LLC",871,871,0.0,0,1
"JEEPERS, INC.",863,868,0.6,9,25
Barclays,855,886,3.5,0,0
FIFTH THIRD BANK,855,855,0.0,0,1
Adobe Inc.,851,859,0.9,0,0
ASU,836,878,4.8,0,0
DBOI Global Services Private Limited,829,832,0.4,0,0
NYSG LLC,828,828,0.0,0,18
CORE:,822,836,1.7,0,0
ADP INC.,812,813,0.1,0,0
"INTERNATIONAL JET INTERIORS, INC.",806,809,0.4,0,0
Limited Partnership (LP),804,808,0.5,0,0
Underlying Fund,804,804,0.0,0,0
DBAMERICAS,800,802,0.2,0,0
"Zorro Ranch, LLC",798,798,0.0,2,7
Google Calendar,797,13091,93.9,0,2
THE CHOPRA FOUNDATION,784,790,0.8,0,0
FIRSTBANK PUERTO RICO A/C,775,775,0.0,0,0
JET BLUE,763,766,0.4,0,0
JPM FINANCIAL SPONSORS,755,755,0.0,0,0
J.P. Morgan Companies,752,753,0.1,0,0
UNITED STATES OF AMERICA,752,760,1.1,1,12
THE BANK OF NEW YORK MELLON CORPORATION,748,755,0.9,0,0
Morgan Stanley,744,953,21.9,0,42
"STC, Inc.",733,734,0.1,1,0
FACEBOOK INC-A,729,889,18.0,0,0
CRW 2009 LLC,726,726,0.0,0,3
"ATTERBURY, GOLDBERGER, & WEISS, P.A.",718,722,0.6,0,0
"TD BANK, N.A.",718,734,2.2,0,0
"U.S. Attorney's Office, S.D.N.Y.",717,829,13.5,0,0
GEW 2009 LLC,715,715,0.0,0,3
Visacentral.c,707,707,0.0,0,0
SECOND CIRCUIT,704,732,3.8,0,5
U.S. Bureau of Prisons,702,727,3.4,0,0
JPMISI's,699,703,0.6,0,0
FIRSTBANK A/C,696,697,0.1,0,0
"JSC INTERIORS, LLC",695,696,0.1,2,6
"KELLERHALS FERGUSON KROBLIN, PLLC",690,690,0.0,2,13
"FARMER, JAFFE, WEISSING, EDWARDS, FISTOS, & LEHRMAN, P.L.",681,691,1.4,0,0
Bear Stearns,677,732,7.5,2,89
Mail Delivery Subsystem,677,677,0.0,0,0
"Twitter, Inc.",670,773,13.3,0,0
"Epstein Interests, Inc.",669,673,0.6,4,0
"n/o Mort, Inc",669,670,0.1,1,0
Customer Valuations Group,666,666,0.0,0,0
The Peggy Siegal Company,659,662,0.5,0,0
J.P. MORGAN CHASE AND CO.,652,654,0.3,0,0
The Private Bank of J.P. Morgan,644,658,2.1,0,0
"Credit Suisse Securities (USA), LLC",639,640,0.2,0,0
The General Partner,637,637,0.0,0,3
"CRW 2007, LLC",627,627,0.0,0,3
"GEW 2007, LLC",626,626,0.0,0,3
Consumer Affairs Division of the Department of Business and Industry,624,624,0.0,0,0
Junkermanngroup,624,625,0.2,0,0
ASSISTANT UNITED STATES ATTORNEY,621,635,2.2,0,0
OPR,617,639,3.4,0,0
COMPANY AMERICAS,607,607,0.0,0,16
IMAX Corporation.,603,605,0.3,0,0
"CarsCo, Inc.",594,595,0.2,0,0
BNY Mellon Corporation,593,596,0.5,0,0
CITICAR,582,582,0.0,0,0
"American Century Investment Management, Inc.",581,581,0.0,0,0
The Chopra Center for Wellbeing,580,582,0.3,0,0
GULFSTREAM V,577,582,0.9,0,0
The Office of the State Attorney,570,587,2.9,0,0
"American Century Investment Services, Inc.",566,566,0.0,0,0
MORGAN GUARANTY TRUST COMPANY OF NEW YORK,566,566,0.0,0,1
Cohen & Gresser L.L.P.,565,587,3.7,0,0
"UNITED AIRLINES, INC.",563,567,0.7,0,0
The Core Club,561,564,0.5,0,1
Fed. Ex.,560,562,0.4,0,0
LLP of Black Family Partners LP,559,559,0.0,0,0
ASIA GATEWAY LIMITED,556,557,0.2,1,0
EUROCLEAR,554,554,0.0,0,0
Microsoft Corporation,552,642,14.0,0,0
DBAB,550,550,0.0,0,0
(NYPD),547,586,6.7,0,0
THE BOEING COMPANY,538,553,2.7,0,0
"J.P. Morgan Trust Company, N. A.",537,538,0.2,0,0
School of Earth and Space Exploration,535,538,0.6,0,0
THE JOCKEY CLUB,533,533,0.0,0,2
Skype Limited,533,587,9.2,0,0
HARVARD UNIVERSITY,532,623,14.6,0,3
Jennie Enterprise,532,534,0.4,0,0
"THE C.D.U.G. FOUNDATION, INC.",529,542,2.4,3,0
BARD COLLEGE,527,528,0.2,0,2
"DELSON International, Inc.",522,522,0.0,0,0
COLLEGE OF LIBERAL ARTS AND SCIENCES,511,512,0.2,0,0
"Amazon, Inc.",510,556,8.3,0,0
LSJ & GSJ,510,510,0.0,0,0
FEDERAL RESERVE B.A. CO,507,531,4.5,0,0
"FIRSTBANK, PR",505,505,0.0,0,27
jeevacation@g,503,503,0.0,0,0
HOUSE OVERSIGHT,502,570,11.9,0,90
PBW/WM/MIS ETL/PBW 15116,501,501,0.0,0,0
"AXCIS INFORMATION NETWORK, INC.",500,500,0.0,0,1
BLOOD HORSE LLC,499,499,0.0,0,3
TCRC,498,498,0.0,0,0
California Consumer Travel Restitution Fund,494,494,0.0,0,0
MDC,493,501,1.6,0,0
Dubai World Corporation,492,494,0.4,0,0
"AMERICAN EXPORT & CO.,INC.",490,490,0.0,0,0
Adobe Acrobat Reader,490,495,1.0,0,0
Yahoo! Почту!,490,522,6.1,0,0
LAW OFFICES OF BOBBI C. STERNHEIM,486,496,2.0,0,0
The UN,483,520,7.1,0,0
J E[jeevacation@gmail.com],482,489,1.4,0,0
THE GRAYSON JOCKEY CLUB,479,479,0.0,0,0
Sprint Corporation,479,485,1.2,0,0
DB.COM,473,473,0.0,0,0
EFTA,465,504,7.7,0,0
The Origins Project =t ASU,464,469,1.1,0,0
U.S. Attorney's,461,504,8.5,0,0
CIRCUIT COURT OF THE FIFTEENTH JUDICIAL CIRCUIT COURT,459,464,1.1,0,0
"DAILY NEWS, L.P.",458,489,6.3,0,0
AMAZON COM INC COM,452,502,10.0,0,0
"Media Lab, MIT",451,457,1.3,1,1
"Boston Properties, Inc.",444,447,0.7,0,1
Global Counsel LLP,444,444,0.0,0,0
J.P.MCC,444,458,3.1,0,0
MANHATTAN FILM CENTER,444,445,0.2,0,0
"BlueMountain Capital Management, LLC",443,443,0.0,4,0
googlemail.com,434,434,0.0,0,0
U. S. Supreme Court,428,514,16.7,0,0
California Travel Consumer Restitution Fund (TCRF),426,426,0.0,0,0
Gensler Group,425,425,0.0,0,0
LinkedIn Corporation,425,1231,65.5,0,0
EQUIBASE COMPANY,424,424,0.0,0,3
"SEARCY, DENNEY, SCAROLA, BARNHART & SHIPLEY, P.A.",424,427,0.7,0,0
Edmond de Rothschild (France),419,426,1.6,0,0
"OSSA PROPERTIES, INC.",418,419,0.2,1,4
Etisalat,417,417,0.0,0,0
"LANDMARK LAND COMPANY, INC.",417,417,0.0,1,1
M AND T BANK A/C,416,421,1.2,0,0
A JET AVIATION COMPANY,416,426,2.3,0,0
USA Inc.,415,424,2.1,0,0
THE JOCKEY CLUB SAFETY NET FOUNDATION N,414,414,0.0,0,0
CON ED OF NY,411,411,0.0,0,0
THE UNITED INC,411,411,0.0,0,0
"Attia Medical, PC",409,409,0.0,0,0
PBW/WM/MIS ETL/PBW,400,400,0.0,0,0
Consumer Financial Protection Bureau,395,408,3.2,0,0
MORGANONLINE.COM,391,391,0.0,0,0
DBTCA,389,390,0.3,0,0
ERISA Limited,382,383,0.3,0,0
TCRF,381,381,0.0,0,0
The UPS S,381,389,2.1,0,0
Orange F.,380,380,0.0,0,0
U.S. News and World Report,380,385,1.3,0,0
CENTURION TRAVEL,378,378,0.0,0,2
Glendower U.S.,377,377,0.0,0,0
"THE J. EPSTEIN VIRGIN ISLANDS FOUNDATION, INC.",376,380,1.1,2,0
"SUMMIT EQUITIES, LLC",376,376,0.0,0,0
Georgetown University Endowment,373,382,2.4,0,0
"Sotheby's, Inc.",372,379,1.8,0,1
GOVERNMENT OF THE VIRGIN ISLANDS OF THE UNITED STATES,366,368,0.5,0,0
aol.c=m,364,372,2.2,0,0
Hotmail.com,364,364,0.0,0,4
REUTERS,363,474,23.4,0,0
M=T Media Lab,362,364,0.5,1,0
Apple Store (U.S.),361,362,0.3,0,0
CNN,357,434,17.7,0,0
ISDA,356,358,0.6,0,0
FORD MOTOR CREDIT CO. LLC,352,352,0.0,0,0
KCP U.S.,352,353,0.3,0,0
U. S. Congress,351,411,14.6,0,0
S&G Investment Manager,351,354,0.8,0,0
"J.P. Morgan Chase Bank, N.A.",349,360,3.1,0,0
CHRISTIE'S INC.,348,359,3.1,0,0
ASHLEY HOLDINGS INC,347,347,0.0,0,6
JETBLUE,347,353,1.7,0,0
"Connecticut Daily Tax Free Income Fund, Inc.",346,346,0.0,0,0
ECB,346,388,10.8,0,0
MAX FOUNDATION,346,346,0.0,0,1
FAA,344,358,3.9,0,0
LONDON TREASURY SERVICES,344,344,0.0,0,0
VISA U.S.A. Inc.Incorporated,343,347,1.2,0,0
U.S. CBP,342,347,1.4,0,0
"BIOIMPACT, INC.",341,341,0.0,0,0
TWITTER INC COM,341,349,2.3,0,0
The Washington Post Company,340,435,21.8,0,0
ATLANTIC AVIATION,338,341,0.9,0,0
A USVI CORPORATION,335,338,0.9,0,8
Department of Justice of the United States,335,353,5.1,7,0
KATI FORSYTHE 2014 GRAT,335,335,0.0,0,3
"D
Dangene and Jennie Enterprise",333,333,0.0,0,0
Samsung C&T Company,333,339,1.8,0,0
Glendower GP,331,331,0.0,0,0
The Zorro Trust,327,329,0.6,2,0
GENERAL MOTORS CORPORATION,325,342,5.0,0,0
"New Jersey Daily Municipal Income Fund, Inc.",325,325,0.0,0,0
GSJ LLC,324,324,0.0,0,0
IOWA TRAVEL AGENCY,322,326,1.2,0,0
NYTIMES.COM,322,356,9.6,0,1
"Home Depot, Inc.",319,328,2.7,0,0
LUFTHANSA AG,319,322,0.9,0,0
"JE JE JE, Inc.",316,317,0.3,0,0
Moody's Corporation,316,332,4.8,0,0
"Burman, Critton, Luttier and Coleman, LLP",312,312,0.0,0,0
U.S. DEPARTMENT OF THE TREASURY,312,337,7.4,0,0
"J.P. Morgan Funds Distributor, Inc.",312,312,0.0,0,0
KATI WANEK- FORSYTHE 2015 GRAT,311,311,0.0,0,0
CFTC,307,312,1.6,0,0
JETBLUE AIRWAYS CORP.,307,308,0.3,0,0
Credit Suisse First Boston Corporation,304,304,0.0,0,1
P CIT GROUP INC,303,304,0.3,0,0
NYU,302,310,2.6,0,0
CHASE USA,301,301,0.0,0,0
Myspace Inc.,299,312,4.2,0,0
"PayPal, Inc.",299,321,6.9,0,0
"Personal Genius, LLC",299,299,0.0,0,0
NYT Company,298,335,11.0,0,0
"COLONIAL BANK, NA",296,296,0.0,0,0
"ASPEN GROVE CAPITAL, LLC",295,303,2.6,0,0
"WACHOVIA BANK, N. A.",295,295,0.0,0,0
"Chase Bank USA, N. A.",295,295,0.0,0,0
U.S. Key Client Partners,295,298,1.0,0,0
"TERRAMAR PROJECT, INC.",294,300,2.0,1,1
The Origins Project at ASU,293,333,12.0,0,0
JIYO,292,292,0.0,0,0
INTEL CORPORATION,290,302,4.0,0,0
JPMIS,290,290,0.0,0,0
TED U,289,300,3.7,0,0
"KEYHOLE PARTNERS, LLC",288,288,0.0,0,1
HARVARD MEDICAL SCHOOL,287,315,8.9,0,0
hotmail.co,287,288,0.3,0,4
JOSEPHSON ENTERTAINMENT,286,288,0.7,0,0
Jeffrey Epstein's group,285,285,0.0,224,0
FINE HOTELS & RESORTS,285,285,0.0,0,0
"Forbes, Inc",285,313,8.9,0,0
BRITISH AIRWAYS P.L.C.,284,295,3.7,0,0
KIRKLAND AND ELLIS LLP,284,338,16.0,92,2
"INSURANCE OFFICE OF CENTRAL, OHIO",282,282,0.0,0,1
THE WALL STREET JOURNAL.,282,341,17.3,0,2
iCapital's,281,281,0.0,0,0
USMS,280,290,3.4,0,0
Merchants Commercial Bank Inc.,279,279,0.0,0,0
KOBRE & KIM =LP,277,282,1.8,2,0
The New York Academy of Art,276,294,6.1,0,0
DANGENE ENTERPRISE,273,275,0.7,0,0
(USAFLS),272,277,1.8,0,0
TRISTAR WORLDWIDE TRISTAR,272,272,0.0,0,0
"Apollo Group, Inc.",271,287,5.6,0,0
JEEUnauthorized,271,271,0.0,0,0
THE WHITE HOUSE,271,354,23.4,0,10
Martin's Institute,270,272,0.7,0,0
Akamai Technologies Inc.,267,267,0.0,0,0
CNH,267,267,0.0,0,0
"Edge Foundation, Inc.",267,274,2.6,3,5
U.S. SECURITIES ACT,267,268,0.4,0,0
U.S. INVESTMENT COMPANY ACT,266,266,0.0,0,0
The A=U Origins Project,266,278,4.3,0,0
media.mit.edu,265,266,0.4,0,0
MARTIN NOWAK'S INSTITUTE,264,265,0.4,1,1
BANCO POPULAR,262,263,0.4,0,8
"DB Secondary Opportunities Fund A, I, P.",262,262,0.0,0,0
J.P. MorganTeam,262,262,0.0,0,0
Sprint® Now Network,261,261,0.0,0,0
Valuations System,261,261,0.0,0,0
COUNTY OF PALM BEACH,259,274,5.5,0,0
"Freedom Air International, Inc.*",258,258,0.0,0,0
SHARI WAGNER 2014 GRAT,258,258,0.0,0,2
THE 2017 CATERPILLAR TRUST,258,301,14.3,43,55
S. J. Quinney College of Law,257,259,0.8,0,0
