rank,cluster,case_name,docket_or_case_number,court,courtlistener_docket,period,status,government_plaintiff,class_or_collective_scope,practice_or_theory,result,public_monetary_record,merits_limit,recap_final_record_gap,ranking_basis
1,"California five-case consolidated settlement","Lopez / Hendrickson / Bell / Ortiz / Castillo v. GEO Secure Services","ECU002060; CIVSB2118376; 5:21-cv-01927; BCV-21-102469; 3:22-cv-00445","Cal. Super. Ct. Imperial plus related state/federal courts","https://www.courtlistener.com/docket/65597169/mazzei-v-geo-secure-services-llc/ (primary federal order maps cluster)","2021-2024","Executed settlement; preliminary approval entered Jan. 22, 2024; later federal order describes Lopez as finally settled","No","Settlement-only class of all non-exempt GEO Secure Services employees in California, Apr. 11, 2020-Sep. 30, 2023","Five complaints collectively alleged overtime, minimum wage, meal/rest, wage-statement, expense, vacation, UCL, and PAGA claims","Executed non-reversionary settlement resolving five actions; certification only for settlement; no admission","$3,690,000 gross; up to $1,230,000 fees; up to $50,000 costs; $150,000 PAGA allocation; up to $10,000 for each of five representatives","Settlement is not an adjudication that any alleged practice occurred; defendant denied liability","State-court final approval order was not retrieved in this wave; executed agreement and entered preliminary order are public outside RECAP","Largest primary-documented employee wage resolution; five related actions and statewide class"
2,"Nationwide FLSA collective","Lewis v. GEO Group, Inc.","5:08-cv-00881","W.D. Okla.","https://www.courtlistener.com/docket/4364643/lewis-v-geo-group-inc/","2008-2011","Three collectives conditionally certified; later settlement approved and case dismissed with prejudice","No","Correctional-facility instructors, lieutenants, and case managers; notice limited to employees from Nov. 9, 2006","Misclassification for salaried instructors/lieutenants; alleged Kronos pre-shift and post-shift nonpayment for hourly case managers","Initial-stage conditional certification Nov. 9, 2009; scope clarified Jan. 15, 2010; settlement approved June 14, 2011","Settlement amount and fees unavailable in public RECAP copy","Conditional certification used a lenient notice-stage standard and did not decide liability","Settlement agreement, fee motion, and final approval order are indexed but not downloadable in RECAP","Strongest published procedural ruling tying corporate job descriptions and timekeeping allegations to multiple employee groups"
3,"Nationwide correctional-officer FLSA collective","Mayes v. The GEO Group, Inc.","5:08-cv-00248","N.D. Fla.","https://www.courtlistener.com/docket/4228597/mayes-v-the-geo-group-inc/","2008-2009","1,446 consent filers accepted as party plaintiffs; settlement approved; dismissed with prejudice","No","Complaint alleged correctional officers at 49 facilities in 17 states","Alleged timekeeping rounding denied pre-shift and post-shift compensation","Court accepted 1,446 opt-ins Aug. 18, 2009; approved collective settlement and dismissed with prejudice Oct. 30, 2009","Settlement amount unavailable in public RECAP copy","Facility count and rounding practice are complaint allegations; approval did not adjudicate liability","Settlement agreement and approval order are indexed but not downloadable in RECAP","Largest visible employee-participant count and alleged nationwide facility scope"
4,"Separate California cash-in-lieu regular-rate case","Perez v. The GEO Group, Inc.","3:21-cv-01846; Cal. Super. Ct. 37-2022-00000670-CU-OE-CTL","S.D. Cal.; Cal. Super. Ct. San Diego","https://www.courtlistener.com/docket/60690242/perez-v-the-geo-group-inc/","2021-2023","Federal case dismissed without prejudice; related state class/collective settlement received final approval Oct. 6, 2023","No","Complaint proposed nationwide FLSA collective and California class of non-exempt hourly employees receiving cash in lieu of benefits","Alleged exclusion of cash-in-lieu benefit payments from regular-rate calculations for overtime and California premiums","Federal dismissal without prejudice Dec. 13, 2022; Mazzei ECF 27 judicially noticed state final approval","Amount not recovered","Complaint allegations were not adjudicated in federal court; state settlement is not a liability finding","State settlement agreement and final approval order not recovered from RECAP","Distinct regular-rate theory with nationwide pleading and confirmed state class/collective settlement"
5,"Legacy CEC California wage class","Giles v. Community Education Centers, Inc.","2:16-cv-04863","C.D. Cal.","https://www.courtlistener.com/docket/6278044/aaron-giles-v-community-education-centers-inc/","2016-2017","Final class settlement approval and judgment Dec. 19, 2017","No","Settlement class; exact class definition unavailable in RECAP documents reviewed","California wage-and-hour claims against CEC, acquired by GEO in April 2017","Court granted final approval","$285,000 fees; $5,584.32 costs; $10,000 and $7,500 representative awards; gross fund not established from primary document","The action predated GEO's acquisition of CEC and settlement does not establish GEO-originated practices","Settlement, final approval order, and judgment are described in the docket but not downloadable in RECAP","Substantial class resolution, but legacy-company timing and incomplete settlement record reduce direct GEO weight"
6,"Individual resolution after nationwide pleading","Garcia v. The GEO Group, Inc.","5:21-cv-01867","E.D. Pa.","https://www.courtlistener.com/docket/59843137/garcia-v-the-geo-group-inc/","2021","Individual FLSA settlement approved; dismissed with prejudice before class/collective certification","No","Complaint proposed nationwide collective and Pennsylvania class; none was certified","Alleged straight-time-for-overtime and exempt misclassification","Court approved individual settlement as fair and reasonable resolution of bona fide FLSA dispute","$17,000 total: $4,191.11 wages; $4,191.11 alleged liquidated damages; $8,617.78 fees/costs","No class result and no admission; GEO continued to deny liability","Key complaint, agreement, and approval order are available in RECAP","Balanced counterexample: systemic pleading narrowed to one employee's settlement"
7,"Current California correctional-officer class allegation","Pasillas v. The GEO Group, Inc.","5:24-cv-04117","N.D. Cal.","https://www.courtlistener.com/docket/68923996/pasillas-v-the-geo-group-inc/","2024-open at research cutoff","Claims sent to arbitration; federal docket remained open for status reports through Aug. 29, 2025","No","Putative California classes of non-exempt employees; plaintiff alleged work at El Centro","Alleged off-clock security checks, radios during meal/rest periods, walking time, and health-and-wellness regular-rate omissions","No public merits or class-certification ruling; arbitration posture","None public","All practices remain allegations; arbitration materially limits public merits visibility","Complaint is available; arbitration record and merits outcome are not public in RECAP","Current recurrence signal, but unresolved and allegation-only"
8,"Related California putative class","Mazzei v. GEO Secure Services, LLC","1:22-cv-01347","E.D. Cal.","https://www.courtlistener.com/docket/65597169/mazzei-v-geo-secure-services-llc/","2022-2024","Individual claims settled/dismissed with prejudice; uncertified putative-class claims dismissed without prejudice","No","Proposed California employee class; no certification sought or obtained","Alleged California wage, meal/rest, expense, safety, and unfair-competition claims","Case closed Dec. 3, 2024 after individual settlement; court expressly said no class was certified","Terms unavailable","No class recovery and no merits adjudication; class claims unaffected and dismissed without prejudice","Individual settlement agreement not public in RECAP","Useful map of six related California cases, but weak standalone systemic outcome"
9,"California putative class dismissal","Burch v. The GEO Group, Inc.","2:18-cv-09926","C.D. Cal.","https://www.courtlistener.com/docket/15814247/allison-burch-v-the-geo-group-inc/","2018-2020","Notice of settlement followed by stipulated dismissal without prejudice","No","Putative class alleged; no public certification ruling","California employment allegations; specific settlement terms unavailable","Dismissed without prejudice Feb. 24, 2020","None public","Notice of settlement and dismissal do not establish class relief or liability","Settlement terms and complaint merits record incomplete in RECAP","Lower priority because dismissal was without prejudice and no systemic result is public"
