record,date,identity_match,nominal_authority,specific_GEO_participation,ethics_screen_recusal_or_waiver,what_the_record_establishes,what_the_record_does_not_establish,source_url,archive_path
"Mineral County public-record release: forwarded ICE email","2025-03-17","Exact signature: David J. Venturella","Yes — signature says Senior Advisor to the Director","No — the exchange concerns Mineral County and a 287(g) program, not GEO","No","Places David J. Venturella at ICE with the nominal title Senior Advisor to the Director by March 17, 2025","Exact ICE start date; appointment or delegation; holdings; consultancy extension; GEO participation; ethics screen","https://www.muckrock.com/foi/mineral-county-22070/immigration-enforcement-182832/","investigations/geo-group/sources/2026-07-14-lead-59360/muckrock-immigration-enforcement-182832.html"
"ICE archived leadership-page transition (finding #12535)","2026-05-17 to 2026-05-19","Exact: David J. Venturella","Yes — public top-role display and title correction","No","No","Brackets the public website transition from Lyons to Venturella and correction to Senior Official Performing the Duties of the Director","Return-to-ICE date; appointment instrument; delegated acquisition authority; GEO participation; ethics screen","https://www.ice.gov/leadership","See lead #58985 archive"
"Arias v. ICE, ECF 62 judicial opinion","2026-06-22","Exact: David J. Venturella","Yes — official-capacity Rule 25(d) substitution","No GEO matter","No","Court says Venturella automatically replaced Lyons in official capacity; court dismissed ICE/Venturella claims for lack of a traceable threatened injury","Personal participation or decision by Venturella; any GEO role; appointment instrument","https://www.courtlistener.com/docket/72497116/arias-v-us-immigration-and-customs-enforcement/","investigations/geo-group/sources/2026-07-14-lead-59360/nysd-1-26-cv-02130-ecf62-opinion.pdf"
"Washington v. The GEO Group, Inc., ECF 24 DOJ filing","2026-07-06","Exact: David J. Venturella","Only collective official-party status","Collective U.S. Government defendants participated in mediation; no individual attribution","No","DOJ represented Venturella among collective U.S. Government defendants in a GEO facility-access case and described collective mediation participation","Venturella's attendance; authorization; direction; GEO communications; contract or facility decision; ethics treatment","https://www.courtlistener.com/docket/73431850/washington-v-the-geo-group-inc/","investigations/geo-group/sources/2026-07-14-lead-59360/njd-2-26-cv-06466-ecf24.pdf"
"Senator Warren ethics letter","2026-05-27","Exact addressee: David Venturella","Describes him as Acting Director-Designate and Senior ICE Advisor, but these statements rely on cited reporting","No — asks him to identify GEO matters and communications; allegations are not underlying records","No — asks for waiver, recusal, guidance, and conflict-avoidance records","Authentic congressional questions, allegations, and records request due June 10","Existence or scope of a waiver; actual GEO participation; ethics violation; agency response","https://www.warren.senate.gov/wp-content/uploads/media/doc/warren_ethics_letter_to_david_venturella.pdf","investigations/geo-group/sources/2026-07-14-lead-59360/warren-ethics-letter-to-david-venturella-2026-05-28.pdf"
"Menendez/House Delaney Hall oversight letter","2026-05-26","Exact addressee: Senior Official Venturella","Shows he was an addressee of an oversight request","No — inbound request only","No","Congressional request to DHS/ICE concerning Delaney Hall medical care and records","Venturella's response, action, supervision, knowledge, or personal participation","https://menendez.house.gov/imo/media/doc/delaney_hall_oversight_letter_may.pdf","investigations/geo-group/sources/2026-07-14-lead-59360/menendez-delaney-hall-oversight-letter-2026-05-26.pdf"
"GEO 2026 proxy","2026-03-19","Exact historical occurrence: David Venturella","No current ICE authority","No","No","Only name occurrence is a historical list of 2021 non-CEO named executive officers","Current holdings; actual 2025 vesting; consulting extension; payment; disposition or divestiture","https://www.sec.gov/Archives/edgar/data/923796/000119312526116014/d923546ddef14a.htm","investigations/geo-group/sources/2026-07-14-lead-59360/geo-2026-def14a.html"
"Official-record negative searches","2026-07-14","Queries for David J. Venturella / David Venturella","No appointment or delegation located","No matter-specific record located","No public screen, recusal, waiver, authorization, or response located","Bounds Federal Register, GovInfo, Congress nominations, disclosure, and official-domain coverage","Nonexistence of agency-held, unindexed, nonpublic, sealed, or later records","Multiple official endpoints; see negative log","investigations/geo-group/reports/2026-07-14-lead-59360-venturella-negative-coverage-log.csv"

