facility,evidence_group,period,guaranteed_minimum,adp_or_occupancy,utilization_to_minimum,rate,payment_or_flow,response_or_remedy,later_comparison,h1_diagnosticity,h0_diagnosticity,dependency_group,interpretation_limit,finding_ids
South Texas ICE Processing Center,OIG historical unused-capacity finding,2020-11 through 2021-10,1350,36% of guaranteed space unused on average,0.64 complement of reported unused share; not a recovered ADP,$100.86/day; $101.36 beginning 2021-08,approximately $18m paid for unused space,ICE combined housing units; OIG recommendation closed,FY2025 completed task: $60.524m obligation/$60.524m outlay; current guarantee/ADP/invoice absent,"Unused payment is consistent, but closure/response cuts against a blanket no-remedy account",Pandemic response and closure are consistent; cost-effectiveness and rate/minimum change unproved,South Texas OIG-22-40 chain,Historical pandemic-period rate cannot be carried forward; outlay is not invoice,13017;13018;12818;13019;13020
Tacoma / Northwest ICE Processing Center,OIG historical unused-capacity finding,2021-09 through 2022-08; OIG unused-payment window overlaps but is not identical,1181,ADP 374; OIG separately reported 31% of minimum for 2021-10 through 2022-08,period mismatch prevents one recomputed ratio,$138.86/day as of 2021-10,>$40m paid for unused space; nearly $5m/month,ICE declined minimum update; OIG recommendation remained open,FY25 YTD 1179.616046/1181; FY26 YTD 1289.437159/1181,Declined adjustment/open recommendation is diagnostic for consequence gap,"Later use is consistent with readiness, but does not prove prior forecast or cost-effectiveness",Tacoma OIG-23-26 plus shared IIDS snapshot group,Later occupancy neither reprices nor validates historical unused-bed payment,13028;12819;12822;12823;13027
Golden State Annex,OIG historical unused-capacity finding,2022-04-20 through 2023-04-19,560,ADP 136; 424 average unused guaranteed beds,0.242857,redacted,approximately $25.3m paid for unused space,minimum-update recommendation now closed; revised terms/savings unavailable,no matched current rate/invoice package in this synthesis,Large unused payment is consistent; public closure without economics is not diagnostic,"Closure is consistent with ordinary remedy, but cannot show proportional adjustment",Golden State OIG-24-23 chain,Closed status is not a price change or invoice deduction,12398;12422;12642;12644
Folkston IPC and Annex,OIG staffing consequence plus county cash-flow chain,FY2021 inspection through calendar 2025,not recovered,IPC ADP/capacity 286/780; Annex 88/338,not calculable without minimum,not recovered,full funding during OIG period; 2025 county receipts $53.777m/expenditures $51.802m,attempted penalties not enforced; vendor-paid overtime; recommendation closed,post-OIG invoices/deductions/downstream allocation unresolved,Direct non-enforcement/full-funding statement is diagnostic for H1 in the inspected period,Vendor expense and closure are ordinary-response evidence; later financial effect unknown,Folkston OIG/county/IGSA chain,Capacity is not minimum; county cash flow is not GEO revenue or invoice proof,12425;12426;12427;12652;13021;13022;13023
Adelanto ICE Processing Center,shared ICE IIDS FY25/FY26 snapshots,FY25 YTD as of 2025-09-15,640,575.544413,0.899288,not recovered,not recovered,2024 ODO follow-up reported no findings,FY26 YTD 1733.153006/640 = 2.708052,Neutral without consequences,Later above-minimum use is consistent with readiness/expansion,shared Western IIDS two-snapshot group,Current reported minimum is not a funded CLIN or invoice,12645;12801;13024
Desert View Annex,shared ICE IIDS FY25/FY26 snapshots,FY25 YTD as of 2025-09-15,480,423.303725,0.881883,not recovered,not recovered,reported minimum differs from historical 600; governing current CLIN not recovered,FY26 YTD 425.606557/120 = 3.546721,Neutral without current rates/invoices,"Later use and lower reported floor are consistent with adjustment, but not proof of contract remedy",shared Western IIDS two-snapshot group; same Adelanto IDV chain,Workbook-to-workbook minimum change is not labeled a contract amendment,12646;12849;13025
Aurora / Denver CDF,shared ICE IIDS FY25/FY26 snapshots,FY25 YTD as of 2025-09-15,600,1180.948424,1.968247,redacted,not recovered,2025 maximum-bed increase and added funding; performance rationale absent,FY26 YTD 1260.038251/600 = 2.100064,Neutral to financial-consequence question,Continued above-minimum use is consistent with demand,shared Western IIDS two-snapshot group,"Maximum beds, minimum, ADP, funding, and invoice are distinct",12654;12655;12820;13026
Tacoma / Northwest ICE Processing Center,shared ICE IIDS FY25/FY26 snapshots,FY25 YTD as of 2025-09-15,1181,1179.616046,0.998828,redacted current schedule,not recovered,extension/added funding; performance treatment not stated,FY26 YTD 1289.437159/1181 = 1.091818,Later use is neutral to whether past consequences were proportional,Later above-minimum use is consistent with surge-readiness capacity becoming used,shared Western IIDS two-snapshot group; Tacoma historical chain,Partial YTD averages are not billed bed-days,12823;12990;13027;13032
Torrance County Detention Facility (non-GEO),limited external remedy comparator,through 2022-01,714 reduced to 505,not used here,not calculated,fixed monthly charges disclosed,25% monthly-billing penalty assessed,minimum reduction and billing penalty for staffing problems,not a prevalence denominator,Shows ICE can impose explicit remedies; does not prove GEO treatment,Consistent with ordinary-remedy capability,Torrance OIG-22-75 comparator,One non-GEO comparator cannot establish base rates,12428;12653
