recipient_uei,recipient_name,n_awards,window_obligations,ceiling_sum_no_double_count,not_competed_window_obligations,not_competed_share
XAVBDA4D13N7,FISHER SAND & GRAVEL CO,17,14281092255.70,9100000000.00,0,0.0
LEGGW1TNMVC9,"BARNARD CONSTRUCTION COMPANY, INCORPORATED",6,4543151503.70,5000000000.00,0,0.0
VNQTYNAV9C25,BCCG A JOINT VENTURE,10,3248042850.70,9100000000.00,0,0.0
VLDKT27H2AG1,SLS FEDERAL SERVICES LLC,4,2379100930.00,6636000000.00,0,0.0
MKMNZ369ZB59,SPENCER CONSTRUCTION LLC,6,2359541157.42,5000000000.00,0,0.0
W31DQKBPJCD3,SOUTHWEST VALLEY CONSTRUCTORS CO,4,2243969041.00,15000000000.00,0,0.0
J89LTB1S62C7,"AMI METALS, INC",1,1474828685.83,2237468751.00,0,0.0
D5BNEHB3UL89,"CSI AVIATION, INC",6,1393809472.23,4761530784.28,0,0.0
KK7TLU2HQGH9,"BOLLINGER SHIPYARDS LOCKPORT, L.L.C.",7,1333453559.00,4294604290.94,1263354240.00,0.9474
RNHNMK7VCEL1,RAUMA MARINE CONSTRUCTIONS OY,1,1122648775.26,1122648775.26,1122648775.26,1.0
JMLKZZ1NL2Z6,"THE GEO GROUP, INC.",54,1076452012.81,8567013302.85,177556374.82,0.1649
DYABDAZV92C1,DAVIE DEFENSE INC.,1,957006922.32,3500000000.00,957006922.32,1.0
QEMLRQA7PLG4,"AMENTUM SERVICES, INC.",10,952753550.17,13585764327.01,452855435.04,0.4753
RG6LJJM6JBS3,"AUSTAL USA, LLC",1,902265935.97,3315010297.48,0,0.0
VEP4UN7LDMK5,"WHITING-TURNER CONTRACTING COMPANY, THE",25,876929123.25,16000000000.00,0,0.0
US79M57E8DT9,BARNARD SPENCER JOINT VENTURE,6,859975064.53,4100000000.00,0,0.0
VAYJNMM2KBE5,GRANITE CONSTRUCTION COMPANY,4,706021546.79,9100000000.00,0,0.0
EA4VD72SB1W3,SALUS WORLDWIDE SOLUTIONS CORP.,3,702024888.23,919317331.04,4317331.04,0.0061
W2SDNNYAJ1N1,COCHRANE USA INC,2,641277600.00,5000000000.00,0,0.0
Y5U3BSK2G389,ACQUISITION LOGISTICS LLC,1,598444871.04,1339875022.97,0,0.0
KC3CH2MSK7Q3,"ANDURIL INDUSTRIES, INC.",10,573541923.96,2000000000.00,0,0.0
RG1VD6RNMXB5,PARAGON SYSTEMS INC,235,571419639.77,5663977752.29,0,0.0
HJGMJN1JKL46,"CORECIVIC, INC.",30,488986311.54,4262132726.29,210399606.92,0.4303
N3PBJAVNKF61,"CACI, INC. - FEDERAL",43,483460367.45,4194616379.13,5375707.18,0.0111
KE7ZAT98UBM7,DAEDALUS AVIATION CORPORATION,1,463638746.00,463638746.00,463638746.00,1.0
UE9QJD4KK1L6,"LEIDOS, INC.",10,462553275.99,9529779588.98,0,0.0
N1C5QLNPJLS4,DELL FEDERAL SYSTEMS L.P,56,458679771.20,1504438693.87,0,0.0
WDXQN83XB8Z8,"TECHFLOW, INC.",4,444120525.44,7471687724.02,0,0.0
NEV1XR5H3FG5,"SUNDT CONSTRUCTION, INC.",2,443095755.00,5000000000.00,0,0.0
XVNBJ1QJY5N4,TRIBALCO LLC,13,402150303.30,6001417659.17,0,0.0
CKV2L9GZKJK3,DELOITTE CONSULTING LLP,122,395506643.84,2995659875.15,0,0.0
ZH4NVFG3Z526,"GENERAL ATOMICS AERONAUTICAL SYSTEMS, INC.",2,379480177.03,1068968078.00,379480177.03,1.0
X59QGBTBZK65,BIRDON AMERICA INC,14,379412013.35,1477800361.91,0,0.0
SMNWM6HN79X5,"GENERAL DYNAMICS INFORMATION TECHNOLOGY, INC.",88,363039259.90,2816928363.30,3242744.76,0.0089
F481BZWYCZA7,TRIPLE CANOPY INC,120,357855598.78,4664643249.50,0,0.0
MFA2CSSMMA35,"UNIVERSAL PROTECTION SERVICE, LIMITED PARTNERSHIP",32,336545765.70,6670120464.36,0,0.0
TWVGJRMK6Z78,BRASFIELD & GORRIE LLC,5,325927795.00,14000000000.00,0,0.0
FJLMN2N34M93,GARDAWORLD FEDERAL SERVICES LLC,3,313357612.46,4142060843.88,0,0.0
H1KHJPJH9R51,"FOUR POINTS TECHNOLOGY, L.L.C.",62,311633851.65,853946540.38,0,0.0
TBLKC12FCDH8,"ELBITAMERICA, INC.",4,306097614.61,2060779017.28,215851905.04,0.7052
WGN2KJJD27Q3,AKIMA INFRASTRUCTURE PROTECTION LLC,15,289625683.31,1461845406.67,9710006.08,0.0335
MX89BGD5FK75,"AT&T ENTERPRISES, LLC",16,281459563.32,1897678157.98,0,0.0
JEANDJTZ8HJ3,"FCN, INC.",146,271931828.76,631929152.95,948620.64,0.0035
JSTDGZNFP4A3,"LEIDOS, INC.",21,266543184.52,1728058500.31,38388648.00,0.144
MMLKPW9JLX64,SCIENCE APPLICATIONS INTERNATIONAL CORPORATION,46,259992061.65,1584920033.72,0,0.0
QVEKLLJUGHJ7,"LMI CONSULTING, LLC",8,253683453.78,406050239.87,0,0.0
EELEC8QCC3N8,"CACI NSS, LLC",46,252959090.95,1653346920.07,0,0.0
C8GANE5B4W83,"COVENANT AVIATION SECURITY, LLC",4,252467844.93,8600000000.00,0,0.0
PKK6L9KLMYR5,B.I. INCORPORATED,8,247522357.72,4039820855.49,0,0.0
FSY4LVSBGWB7,PALANTIR TECHNOLOGIES INC.,5,243261962.22,1176496224.37,0,0.0
MT9AATHS7ZB5,TUTOR PERINI CORPORATION,12,233319047.14,16499975000.00,0,0.0
C47BNA8GM833,ACCENTURE FEDERAL SERVICES LLC,35,232737191.66,1383484050.31,0,0.0
EBHPGDLGQLB5,DEV TECHNOLOGY GROUP INC,20,223517074.71,1657885985.32,0,0.0
ZHJYA5NN32Z5,"MVM, INC.",10,215583887.90,3080728492.45,-1811718.14,-0.0084
UCDDUN6A6S17,RAPISCAN SYSTEMS INC,19,212053898.97,1651883660.73,104432956.33,0.4925
SZKNP57U5UK3,THE HASKELL COMPANY,11,203706763.34,7499965000.00,0,0.0
MKJGBYTR5MM4,WIDEPOINT INTEGRATED SOLUTIONS CORP,76,200282163.32,554871290.78,5831761.80,0.0291
SQLVDBFQ4SD8,"WORKWEAR OUTFITTERS, LLC",50,199381556.24,900000000.00,0,0.0
KEPTQ65QJHQ5,"KERBEROS INTERNATIONAL, INC.",67,192190753.84,1850703248.51,0,0.0
NGABP44KQF33,GULFSTREAM AEROSPACE CORPORATION,2,182303171.20,184288348.55,182303171.20,1.0
LJZTDJWPG431,"STEAMPUNK, INC.",12,177496050.74,1547435184.93,3696476.80,0.0208
P98HKXYNA6M9,BOWMAN CONSULTING GROUP LTD,1,176677500.00,176677500.00,176677500.00,1.0
FHKLJV1NP651,SMITHS DETECTION INC.,92,174800694.64,2979414764.29,53622335.07,0.3068
JCBMLGPE6Z71,BOOZ ALLEN HAMILTON INC,61,174695776.09,13227216401.92,0,0.0
LT1AZYC3CXK5,"DIGNARI, LLC",37,163239917.99,107925801.73,0,0.0
F1PMZXNJ7NM5,"SLSCO, LTD.",4,162317892.14,4119731850.00,0,0.0
UER4AJLUB8D5,"THUNDERCAT TECHNOLOGY, LLC",75,160562570.48,487205312.29,0,0.0
MDSWM6MB1BH7,"LEIDOS, INC.",14,150827933.59,517072107.59,0,0.0
Y54FQAPG4TN5,LOYAL SOURCE GOVERNMENT SERVICES LLC,4,150208460.56,3145719196.73,0,0.0
K8RNMK1CCQW3,PARAGON PROFESSIONAL SERVICES LLC,18,149949783.22,402081478.40,109500475.81,0.7302
MBSRAWAQ9559,PERATON ENTERPRISE SOLUTIONS LLC,8,147240307.24,596825719.55,-206521.23,-0.0014
R64SJRYFDKM7,SAFE AMERICA MEDIA LLC,4,142826104.32,240000000.00,0,0.0
XAWTMCKNAWR9,ANALOGIC CORP,13,142364459.68,1364407673.51,1567345.26,0.011
GJMSFBCNMSK3,"ATLANTIC DIVING SUPPLY, INC.",94,137514386.26,305974648.55,0,0.0
H5M2KCZCA9M3,G4S SECURE SOLUTIONS (USA) INC.,19,132662182.23,820323774.46,-220602.54,-0.0017
LK5RJU5V68X6,"LEIDOS, INC.",6,125981896.81,1084192949.81,94322630.81,0.7487
CJ38H41QMGA1,PERATON TECHNOLOGY SERVICES INC.,54,124437953.16,2697676329.08,0,0.0
DT8KJHZXVJH5,CARAHSOFT TECHNOLOGY CORP,43,119341701.15,5883484016.06,51581386.90,0.4322
VV9KH3L99VE3,INTERNATIONAL BUSINESS MACHINES CORPORATION,26,117051471.33,477202082.32,0,0.0
NJF3PMBA8SY7,DAVENPORT AVIATION INC,3,115471531.07,150403545.67,0,0.0
J2GPEJQ1TYG7,S & K SECURITY GROUP LLC,1,114653117.69,359424857.89,114653117.69,1.0
K18HRGF7HW21,INSERSO CORPORATION,2,113137671.07,270931077.57,0,0.0
HERXJEEWZFL7,KVG LLC,1,113052115.78,641795971.68,0,0.0
E3HYKKLT5ZT1,GENERAL ELECTRIC COMPANY,46,112319576.85,408574815.41,90063865.30,0.8019
JAQNMK1AMJT1,BRADLEY TECHNOLOGIES INC,37,110945480.63,1549767770.11,0,0.0
D93YKLC3MK67,GENERAL DYNAMICS ONE SOURCE LLC,8,110896460.78,2090703774.93,0,0.0
Q5LJNF15T2R5,"SALIENT CRGT, INC.",10,108289313.61,1939612775.61,0,0.0
LUDNH5K4XQU9,"AKIMA GLOBAL SERVICES, LLC",18,107676836.23,1469818785.67,0,0.0
TRKEP1HEBNS5,CGI FEDERAL INC.,14,107539519.12,15311709192.68,0,0.0
MMAVC7UGLJ78,BRILLIENT CORPORATION,2,107535632.79,482449884.77,0,0.0
JMVMGGNJGA29,"GOVPLACE, LLC",59,107213536.74,805085020.70,0,0.0
EHDKD39SMZV4,CHARTIS CONSULTING CORPORATION,10,104552499.26,3013863410.77,0,0.0
MDC5LDZKQAM4,BLUE TECH INC.,56,101925647.42,215960753.05,0,0.0
N9NJK877QJK9,GUIDEHOUSE INC.,137,100343789.45,1052655232.09,191118.89,0.0019
EW97MHKPD1P8,"TRM LABS, INC.",9,100325517.00,110544908.95,100325517.00,1.0
HST3AH9JCNN1,"SEV1TECH, LLC",10,98468239.60,303686511.15,0,0.0
SRFGXDGTHRU6,"MARCOM GROUP, INC",3,98404061.00,95000000.00,0,0.0
CK69CE2FGMM8,"BATTELLE NATIONAL BIODEFENSE INSTITUTE, LLC",9,97894648.18,557340300.52,0,0.0
H6WGLRDCU6D8,"ASRC FEDERAL FIELD SERVICES, LLC",14,97657224.08,601103254.17,15737931.66,0.1612
LX3BSV6NNW58,BAE SYSTEMS TECHNOLOGY SOLUTIONS & SERVICES INC.,31,96939968.19,433212211.47,0,0.0
NSPMUN5U9GZ3,VENDTECH-SGI LLC,10,96349471.00,397856943.03,0,0.0
XYB4JU4PA6T4,"ECS FEDERAL, LLC",20,93487907.13,901368115.77,0,0.0
J64CSQTQNRC1,INTERNATIONAL BUSINESS MACHINES CORPORATION,11,92581151.96,1395940473.76,0,0.0
UTJWTSLMFNG4,SIKORSKY AIRCRAFT CORPORATION,71,91742188.59,529236800.02,91175495.59,0.9938
DMHDNDCPWUD1,THE MITRE CORPORATION,159,90391003.92,1196560966.41,70579665.92,0.7808
DJUCEANK2KP4,NORTHROP GRUMMAN SYSTEMS CORPORATION,3,89695372.44,960139063.15,0,0.0
HHWGP4HH1Y68,"LIMA CHARLIE, INC",124,89293905.73,337806932.26,1258503.60,0.0141
ULHMANN9V8A5,"VMD SYSTEMS INTEGRATORS, LLC",9,87813421.91,8618761296.96,0,0.0
JCGFHM1L1JX9,"AMERGIS HEALTHCARE STAFFING, INC.",2,87112228.00,2621976226.00,0,0.0
J4KHM5JY79E3,"V3GATE, LLC",29,86300019.61,190920285.76,0,0.0
JY2BDT2K58Z6,"MANTECH ADVANCED SYSTEMS INTERNATIONAL, INC.",10,84496712.24,883834119.60,134678.31,0.0016
DPQEDJ6CXZM5,"PANAMERICA COMPUTERS, INC.",89,83711641.59,249749711.24,76173.52,0.0009
DMERLBE3JR53,SWISH DATA CORPORATION,25,83544808.21,128221294.77,0,0.0
LAD2HL1R71Z3,"AIRBUS HELICOPTERS, INC.",100,82317040.41,431998632.45,82317040.41,1.0
CKH8AS2PDEW3,"TRAILBOSS ENTERPRISES, INC.",10,81876046.23,325711648.93,0,0.0
LBP9NHTYELK3,"INFORMATION TECHNOLOGY STRATEGIES, INC.",5,81334763.20,613184526.60,0,0.0
F2Y4MRAP3AN5,GLOBAL MARITEK SYSTEMS INC,1,77812954.34,401584202.00,0,0.0
G7WGK6L5ES76,"TELEDYNE FLIR DEFENSE, INC.",16,77251957.24,97592624.59,77251957.24,1.0
Z4UXD1X1HL99,"PEOPLE WHO THINK, L.L.C.",5,77148395.00,240000000.00,0,0.0
GFTGQRJ8F959,DEPLOYED RESOURCES LLC,16,77130107.56,3363152773.59,7466580.00,0.0968
NNK9K1JVKNU1,ADC LTD NM,13,76493737.85,243817881.75,0,0.0
Q1DVL2FMEYR4,"EKAGRA PARTNERS, LLC",5,75965635.28,309850445.42,0,0.0
MWDRZJ2ZVPV7,"GENERAL DYNAMICS MISSION SYSTEMS, INC.",8,72340475.22,284572215.36,72340475.22,1.0
R98MW4ZKUUK3,GOVERNMENT ACQUISITIONS INC,54,71138555.15,146080133.98,0,0.0
KKWALQKX5A67,SIMMONS & GOLDEN SECURITY LLC,17,70525560.74,1510145155.15,0,0.0
MXG2MQ1LJRV5,SINTELA INC,5,68300352.32,200000000.00,68300352.32,1.0
TBW7MGPYURM7,"AXON ENTERPRISE, INC.",30,67247827.40,427719561.78,62664576.97,0.9318
HFK9V1G2B513,"MOTOROLA SOLUTIONS, INC.",22,67038196.02,6000267300.00,267300.00,0.004
P78LRLNYPUF4,PERATON RISK DECISION INC.,12,66698146.40,547817095.55,0,0.0
XLL3UPBT4MW6,AVANTUS FEDERAL LLC,4,66583351.94,22228764734.11,0,0.0
J16ZWJLVHEY5,"ADVANCED TECHNOLOGY SYSTEMS COMPANY, INC. (OF VIRGINIA)",3,65515509.38,1824161890.00,0,0.0
XK11LLUL61A7,"NEW TECH SOLUTIONS, INC.",76,64927810.24,3166707263.77,0,0.0
DJACUETFQUL8,"GOVSMART, INC.",33,63775195.79,97559969.42,0,0.0
F9KSDU7L9VP6,DELOITTE & TOUCHE LLP,25,62932853.27,404087504.28,0,0.0
NZ9CUMF36PK1,FLUOR FEDERAL SERVICES INC,19,62601524.91,661956420.79,0,0.0
DGJ7M32ZMKN3,"ACUITY-CHS, LLC",12,61363786.12,175000000.00,0,0.0
K77SAUK7G9E4,"GOLDEN SVCS, LLC",11,60781714.59,3463870548.28,0,0.0
ENKUFZYYKJG5,KR-MTAC LLC,17,60681461.03,1250212151.00,0,0.0
RW1NA7E92XR5,QED ENTERPRISES INC.,2,60646603.18,161471866.93,0,0.0
G58ZEJ7HJGM1,MANAGEMENT & TRAINING CORPORATION,6,59007562.98,961194038.61,0,0.0
NG5DSM9C8EE7,SAFE BOATS INTERNATIONAL LLC,55,58947352.02,441401336.86,40829643.22,0.6926
E57CG415HEZ5,"MAYVIN, INC.",3,58845213.53,229454670.18,0,0.0
NH3HNLDKWHK1,GULF SOUTH RESEARCH CORP,20,58772893.15,62779225.24,0,0.0
NPJ9GV7K4CL1,"NOBLIS, INC.",14,58737341.63,294666258.20,-0.04,-0.0
CC2RYN15JUR8,"SIX MILE NIKA JV, LLC",5,58473152.76,159922133.39,0,0.0
HCBJCK2G9EM1,DV UNITED LLC,4,57122653.68,195562130.36,0,0.0
E3D7U1KNNJC8,"SCIENCE AND ENGINEERING SERVICES, LLC",3,57036452.16,260820331.87,0,0.0
HYGLK2BNFKB3,ROLLS-ROYCE SOLUTIONS AMERICA INC,50,56837180.93,331330598.74,49718423.69,0.8748
KVFRFJC7S6C8,COUVILLION GROUP LLC,3,54814726.70,119714726.70,54814726.70,1.0
C5KZP6XF5J98,"MONKTON, INC.",10,54777925.50,206688807.60,0,0.0
CSVGREMTK6W9,"THE ARORA GROUP, INC.",3,54699815.44,2621976226.00,0,0.0
P4XNSMKPNGM5,PRICE MODERN LLC,39,52484150.95,100589074.84,-256.00,-0.0
NYNMZ3DYBKJ5,ATLANTA GAS LIGHT COMPANY,1,52115714.00,52115714.00,52115714.00,1.0
JNKQFMHL15F3,"LIFECARE, INC",2,51976490.00,124629428.00,0,0.0
VY3HMUNVRJK9,VERNADERO GROUP INC,10,51773380.39,51773380.39,0,0.0
JXGZBLGBA996,"T47 INTERNATIONAL, INC.",8,51289276.69,150603583.34,7514830.95,0.1465
WCMJHCRB1UH3,AVER LLC,17,50437166.11,209324575.54,0,0.0
T4RSAYRJ1LJ5,"GLOBAL SYSTEMS TECHNOLOGIES, LLC",23,49224204.20,61064352.64,0,0.0
RQ8JN52L3244,THOR SOLUTIONS LLC,2,49064823.56,109893199.50,0,0.0
X4MZYGMNUAE7,IDEMIA IDENTITY & SECURITY USA LLC,30,48740957.10,2353333323.47,7518051.20,0.1542
EFKMRSEAE2K3,DIVERSIFIED PROTECTION CORP,19,48602768.20,3337211171.73,0,0.0
DK3RU6254EL6,"TAURUS, LLC",4,47368688.78,54769968.78,0,0.0
DFHNDJLYFD32,ASTROPHYSICS INC,8,47298175.99,489029326.00,0,0.0
NWH9FNLK5KK1,TATITLEK FEDERAL SERVICES LLC,23,47263706.46,321670348.65,-900634.70,-0.0191
E1NDB4N3AJB5,SCIOLEX CORPORATION,2,46623790.26,99526155.54,17820066.69,0.3822
HAFSH1F8QB34,"ARDENT GROUP, LLC",3,46602284.22,46602284.22,46602284.22,1.0
HUMHZHAJY9D1,"INTER-OP.NET, INC.",10,46518701.60,154825373.92,470694.40,0.0101
PQNNHF72NNM6,"CHEROKEE NATION STRATEGIC PROGRAMS, L.L.C.",13,46145315.83,158303787.87,0,0.0
MLP1RM8SEMW5,FOCUS REVISION PARTNERS LLC,1,46079528.35,118017446.86,0,0.0
CYX7XBK19BU4,"ANACAPA MICRO PRODUCTS, INC.",42,45699770.04,143632861.59,0,0.0
NP74V9C64DN5,"KNIGHT POINT SYSTEMS, LLC",3,45379838.43,378449746.78,0,0.0
LS7WLM8JFW99,DEFINITIVE LOGIC CORPORATION,12,45338786.17,198574729.60,0,0.0
LD1DU6SKNP83,ACENTRA HEALTH LLC,1,44591844.92,67464245.88,44591844.92,1.0
QWM2D2ACD8F9,GREENLIGHT GROUP LLC,4,43821000.00,12845000000.00,0,0.0
DVEJNK717BB6,SHIELD AI INC,9,43672632.25,229305590.21,0,0.0
Z6CKDZ1ME329,AVIATION SECURITY MANAGEMENT LLC,7,43643290.68,8600000000.00,0,0.0
MYKLJHTX3MM7,"LEIDOS, INC.",12,43247607.24,337898997.93,0,0.0
JVFBQNF1ZS13,"NOVILO TECHNOLOGY SOLUTIONS, LLC",1,43157333.18,135978755.76,0,0.0
C1HBCJ9RMBV3,THE JOHNS HOPKINS UNIVERSITY APPLIED PHYSICS LABORATORY LLC,9,43127142.50,308720204.08,38379041.50,0.8899
HEN6VJKBN8P3,"ENVIRONMENTAL, SAFETY & HEALTH CONSULTING SERVICES, INC.",12,42810245.26,26999000.00,42810245.26,1.0
ENR9ZAAGMWJ5,THE KINETIC GROUP SALES LLC,51,42096551.12,455963673.40,0,0.0
CN4KSKX2UQY5,"COUNTERTRADE PRODUCTS, INC.",24,41727916.96,133707222.14,0,0.0
CN6JHWKMSCD5,ISS ACTION INC,9,41296774.68,370670737.11,-233520.86,-0.0057
ZSFKFBKXEXX3,TTEC GOVERNMENT SOLUTIONS LLC,2,41017453.80,228420046.72,0,0.0
U8PWX251MWG6,UNISSANT INC.,3,40779749.33,2355314365.44,0,0.0
NF34JCA2PME3,ALPHA OMEGA INTEGRATION LLC,5,40407569.05,171754680.51,0,0.0
DR6MQ56MGFA5,CAPGEMINI GOVERNMENT SOLUTIONS LLC,8,39679929.23,564410409.48,0,0.0
DMEAS1ZSTVY8,PARLIAMENT LLC,42,39620677.68,125817441.35,19998822.84,0.5048
KJB1WJG4NXS7,IRON MOUNTAIN INFORMATION MANAGEMENT LLC,26,39366393.11,441997215.75,30908470.82,0.7851
MLM4M59B4A57,"COMPASS PTS JV, THE",49,39151392.44,622676525.89,0,0.0
NVC1EFKKYB93,V2X AEROSPACE LLC,25,39148538.26,768600000.00,0,0.0
DCFBRS7XD863,"SAFRAN HELICOPTER ENGINES USA, INC",4,38618214.38,107852138.76,38618214.38,1.0
JP1AJYKRSMC4,"ITC FEDERAL, LLC",16,38579277.07,422747969.43,0,0.0
CFAQK9L1C7W7,"NIYAMIT, INC.",12,38234101.14,122372427.45,0,0.0
PC8MDM9DDWT6,INGENESIS INC,3,37862640.69,2641708076.00,0,0.0
NUNVJJM2UYY1,"EMERGENT, LLC",26,37382598.89,75531667.45,0,0.0
MHLWVTNDP5B8,"SPECTRUM SECURITY SERVICES, INC.",6,37369613.95,470192703.37,0,0.0
KHK8QYLFGLU1,ROLLS-ROYCE CORPORATION,17,36747167.24,233778108.33,0,0.0
ZDLJT9HL3FK1,"AHTNA PROFESSIONAL SERVICES, INC.",8,36450086.14,1231152999.79,0,0.0
G2D4Q7UKR5P5,"CTG FEDERAL, LLC",13,36006741.48,58538445.18,0,0.0
