license_number,vote_date,transferor,transferee,prior_dba,new_dba,premises_before,premises_after,board_disposition,roster_holder_reflects,pledge_recipient,pledged_assets,roster_pledge_marker,sale_price,sale_completion,source,item
LB-101940,2026-03-26,"Gray’s Liquors, Inc.",Shri Saibaba Corp,Oak Square Liquors,Oak Square Liquors,"610 Washington St, Brighton, MA 02135","610 Washington St, Brighton, MA 02135",Granted,transferee,Rockland Trust Company,license; inventory,False,not established,not established,https://www.boston.gov/sites/default/files/file/2026/03/Voting%20Minutes%203-26-26.docx.pdf#page=11,29
LB-99391,2026-03-26,"Namaha Capital, LLC","200 Boylston Street Restaurant, LLC",Basile- Fine Italian Kitchen,,"162 Columbus Ave, Boston, MA 02116","200 Boylston St, Boston, MA 02116",Granted,transferee,,,False,not established,not established,https://www.boston.gov/sites/default/files/file/2026/03/Voting%20Minutes%203-26-26.docx.pdf#page=11,31
LB-98926,2026-03-26,"Powder Dry, Inc.","Legends Music, LLC",Leader Bank Pavilion,Leader Bank Pavilion,"290 Northern Ave, Boston, MA 02210","290 Northern Ave, Boston, MA 02210",Granted,transferee,,,False,not established,not established,https://www.boston.gov/sites/default/files/file/2026/03/Voting%20Minutes%203-26-26.docx.pdf#page=12,32
LB-99536,2026-03-26,"Olives, Inc.",Picklebos Charlestown LLC,Figs,Picklebos,"42 Charles St, Boston, MA 02108","440 Rutherford Ave, Boston, MA 02129",Granted,transferee,,,False,not established,not established,https://www.boston.gov/sites/default/files/file/2026/03/Voting%20Minutes%203-26-26.docx.pdf#page=12,33
LB-99537,2026-03-26,AOB Corp.,Ballers Boston Seaport LLC,L Street Diner & Pizzeria,Ballers,"108 L St, South Boston, MA 02127","25 Pier 4 Blvd, Boston, MA 02210",Granted,unclear_license_absent,,,False,not established,not established,https://www.boston.gov/sites/default/files/file/2026/03/Voting%20Minutes%203-26-26.docx.pdf#page=13,34
LB-99739,2026-03-26,"Regina Pizzeria at Fenway, Inc.","AV 330 Washington, LLC",Regina Pizzeria,All’ Antico Vinaio,"1330 Boylston St, Boston, MA 02215","330 Washington St, Boston, MA 02108",Granted,transferee,,,False,not established,not established,https://www.boston.gov/sites/default/files/file/2026/03/Voting%20Minutes%203-26-26.docx.pdf#page=13,35
LB-99458,2024-06-26,Russian Benevolent Society,"Keryan & Co, Inc.",Crystal Restaurant/Garage Room,Jana Grill & Bar,"14-20 Linden St, Allston, MA 02134","14-20 Linden St, Allston, MA 02134",Granted,transferee,"Russian Benevolent Society, Inc.",license,True,not established,not established,https://www.boston.gov/sites/default/files/file/2024/06/Voting%20Minutes%206-26-24.docx.pdf#page=7,15
LB-101897,2024-07-11,JNT Package Corporation,Surya Narayan Corporation,ODB Liquors,Hyde Park Liquor,"1253 Hyde Park Ave, Hyde Park, MA 02136","1253 Hyde Park Ave, Hyde Park, MA 02136",Granted,transferee,Rockland Trust Company,license; inventory,False,not established,not established,https://www.boston.gov/sites/default/files/file/2024/07/Voting%20Agenda%20July%2011.docx_2.pdf#page=4,9
LB-99633,2024-07-11,"Allston Rock City, LLC","SB 201 Brookline Ave, LLC",Fields West,Shy Bird,"87 Glenville Ave, Allston, MA 02134","201 Brookline Ave, Boston, MA 02215",Granted,transferee,Cambridge Savings Bank,license,False,not established,not established,https://www.boston.gov/sites/default/files/file/2024/07/Voting%20Agenda%20July%2011.docx_2.pdf#page=5,12
